{"cameraMode":{"drawMode":0,"name":"Shaded","section":"Shading Mode"},"sceneLighting":false,"audioPlay":false,"sceneViewState":{"showFog":true,"showMaterialUpdate":false,"showSkybox":false,"showFlares":true,"showImageEffects":true,"showParticleSystems":true},"in2DMode":false,"pivot":{"x":0.24083924293518067,"y":-0.00515352189540863,"z":0.2741955518722534},"rotation":{"x":-0.08139509707689285,"y":0.763265073299408,"z":-0.09809208661317826,"w":-0.633422315120697},"size":6.927464962005615,"orthographic":false}