{"cameraMode":{"drawMode":0,"name":"Shaded","section":"Shading Mode"},"sceneLighting":true,"audioPlay":false,"sceneViewState":{"showFog":true,"showMaterialUpdate":false,"showSkybox":true,"showFlares":true,"showImageEffects":true,"showParticleSystems":true},"in2DMode":false,"pivot":{"x":-0.815344512462616,"y":0.9542340040206909,"z":-4.608479976654053},"rotation":{"x":-0.08139509707689285,"y":0.763265073299408,"z":-0.09809208661317826,"w":-0.633422315120697},"size":11.447668075561524,"orthographic":false}