{"cameraMode":{"drawMode":0,"name":"Shaded","section":"Shading Mode"},"sceneLighting":false,"audioPlay":false,"sceneViewState":{"showFog":true,"showMaterialUpdate":false,"showSkybox":false,"showFlares":true,"showImageEffects":true,"showParticleSystems":true},"in2DMode":false,"pivot":{"x":0.0,"y":0.028270304203033448,"z":0.009641207754611969},"rotation":{"x":-0.08139509707689285,"y":0.763265073299408,"z":-0.09809208661317826,"w":-0.633422315120697},"size":0.5564810633659363,"orthographic":false}